"Benchmark","Mode","Threads","Samples","Score","Score Error (99.9%)","Unit","Param: capacityPowerOf2","Param: library","Param: load","Param: loadFactor"
"com.carrotsearch.hppc.benchmarks.B006_HashSet_Contains_Random.contains","ss",1,5,1.050727,0.034693,"s/op",16,HPPC,0.45,0.75
"com.carrotsearch.hppc.benchmarks.B006_HashSet_Contains_Random.contains","ss",1,5,1.189475,0.104593,"s/op",16,HPPC,0.5,0.75
"com.carrotsearch.hppc.benchmarks.B006_HashSet_Contains_Random.contains","ss",1,5,1.244090,0.002580,"s/op",16,HPPC,0.55,0.75
"com.carrotsearch.hppc.benchmarks.B006_HashSet_Contains_Random.contains","ss",1,5,1.219935,0.041706,"s/op",16,HPPC,0.6,0.75
"com.carrotsearch.hppc.benchmarks.B006_HashSet_Contains_Random.contains","ss",1,5,1.196782,0.029894,"s/op",16,HPPC,0.65,0.75
"com.carrotsearch.hppc.benchmarks.B006_HashSet_Contains_Random.contains","ss",1,5,1.236471,0.025322,"s/op",16,HPPC,0.7,0.75
"com.carrotsearch.hppc.benchmarks.B006_HashSet_Contains_Random.contains","ss",1,5,1.291207,0.035630,"s/op",16,HPPC,0.74,0.75
"com.carrotsearch.hppc.benchmarks.B006_HashSet_Contains_Random.contains","ss",1,5,0.922805,0.017698,"s/op",16,HPPC_SCATTER,0.45,0.75
"com.carrotsearch.hppc.benchmarks.B006_HashSet_Contains_Random.contains","ss",1,5,1.034124,0.023260,"s/op",16,HPPC_SCATTER,0.5,0.75
"com.carrotsearch.hppc.benchmarks.B006_HashSet_Contains_Random.contains","ss",1,5,1.071754,0.009069,"s/op",16,HPPC_SCATTER,0.55,0.75
"com.carrotsearch.hppc.benchmarks.B006_HashSet_Contains_Random.contains","ss",1,5,1.074134,0.019278,"s/op",16,HPPC_SCATTER,0.6,0.75
"com.carrotsearch.hppc.benchmarks.B006_HashSet_Contains_Random.contains","ss",1,5,1.131905,0.018249,"s/op",16,HPPC_SCATTER,0.65,0.75
"com.carrotsearch.hppc.benchmarks.B006_HashSet_Contains_Random.contains","ss",1,5,1.135051,0.020346,"s/op",16,HPPC_SCATTER,0.7,0.75
"com.carrotsearch.hppc.benchmarks.B006_HashSet_Contains_Random.contains","ss",1,5,1.197275,0.006394,"s/op",16,HPPC_SCATTER,0.74,0.75
"com.carrotsearch.hppc.benchmarks.B006_HashSet_Contains_Random.contains","ss",1,5,0.939174,0.015370,"s/op",16,FASTUTIL,0.45,0.75
"com.carrotsearch.hppc.benchmarks.B006_HashSet_Contains_Random.contains","ss",1,5,0.985682,0.015469,"s/op",16,FASTUTIL,0.5,0.75
"com.carrotsearch.hppc.benchmarks.B006_HashSet_Contains_Random.contains","ss",1,5,1.075365,0.002362,"s/op",16,FASTUTIL,0.55,0.75
"com.carrotsearch.hppc.benchmarks.B006_HashSet_Contains_Random.contains","ss",1,5,1.050842,0.005928,"s/op",16,FASTUTIL,0.6,0.75
"com.carrotsearch.hppc.benchmarks.B006_HashSet_Contains_Random.contains","ss",1,5,1.154592,0.024047,"s/op",16,FASTUTIL,0.65,0.75
"com.carrotsearch.hppc.benchmarks.B006_HashSet_Contains_Random.contains","ss",1,5,1.163714,0.013024,"s/op",16,FASTUTIL,0.7,0.75
"com.carrotsearch.hppc.benchmarks.B006_HashSet_Contains_Random.contains","ss",1,5,1.113455,0.003934,"s/op",16,FASTUTIL,0.74,0.75
"com.carrotsearch.hppc.benchmarks.B006_HashSet_Contains_Random.contains","ss",1,5,0.978464,0.005792,"s/op",16,KOLOBOKE,0.45,0.75
"com.carrotsearch.hppc.benchmarks.B006_HashSet_Contains_Random.contains","ss",1,5,1.054318,0.014960,"s/op",16,KOLOBOKE,0.5,0.75
"com.carrotsearch.hppc.benchmarks.B006_HashSet_Contains_Random.contains","ss",1,5,1.026898,0.033651,"s/op",16,KOLOBOKE,0.55,0.75
"com.carrotsearch.hppc.benchmarks.B006_HashSet_Contains_Random.contains","ss",1,5,1.085951,0.008872,"s/op",16,KOLOBOKE,0.6,0.75
"com.carrotsearch.hppc.benchmarks.B006_HashSet_Contains_Random.contains","ss",1,5,1.110742,0.006903,"s/op",16,KOLOBOKE,0.65,0.75
"com.carrotsearch.hppc.benchmarks.B006_HashSet_Contains_Random.contains","ss",1,5,1.114043,0.024289,"s/op",16,KOLOBOKE,0.7,0.75
"com.carrotsearch.hppc.benchmarks.B006_HashSet_Contains_Random.contains","ss",1,5,1.170978,0.005151,"s/op",16,KOLOBOKE,0.74,0.75
"com.carrotsearch.hppc.benchmarks.B006_HashSet_Contains_Random.contains","ss",1,5,0.935200,0.032037,"s/op",16,WORM,0.45,0.75
"com.carrotsearch.hppc.benchmarks.B006_HashSet_Contains_Random.contains","ss",1,5,0.923848,0.011210,"s/op",16,WORM,0.5,0.75
"com.carrotsearch.hppc.benchmarks.B006_HashSet_Contains_Random.contains","ss",1,5,0.980845,0.003447,"s/op",16,WORM,0.55,0.75
"com.carrotsearch.hppc.benchmarks.B006_HashSet_Contains_Random.contains","ss",1,5,0.943348,0.020885,"s/op",16,WORM,0.6,0.75
"com.carrotsearch.hppc.benchmarks.B006_HashSet_Contains_Random.contains","ss",1,5,0.986994,0.003323,"s/op",16,WORM,0.65,0.75
"com.carrotsearch.hppc.benchmarks.B006_HashSet_Contains_Random.contains","ss",1,5,1.040443,0.004651,"s/op",16,WORM,0.7,0.75
"com.carrotsearch.hppc.benchmarks.B006_HashSet_Contains_Random.contains","ss",1,5,1.064183,0.007654,"s/op",16,WORM,0.74,0.75
"com.carrotsearch.hppc.benchmarks.B006_HashSet_Contains_Random.contains","ss",1,5,1.040707,0.009572,"s/op",16,WORM_LARGE,0.45,0.75
"com.carrotsearch.hppc.benchmarks.B006_HashSet_Contains_Random.contains","ss",1,5,1.070951,0.007726,"s/op",16,WORM_LARGE,0.5,0.75
"com.carrotsearch.hppc.benchmarks.B006_HashSet_Contains_Random.contains","ss",1,5,1.096370,0.012216,"s/op",16,WORM_LARGE,0.55,0.75
"com.carrotsearch.hppc.benchmarks.B006_HashSet_Contains_Random.contains","ss",1,5,1.094697,0.009353,"s/op",16,WORM_LARGE,0.6,0.75
"com.carrotsearch.hppc.benchmarks.B006_HashSet_Contains_Random.contains","ss",1,5,1.148849,0.020056,"s/op",16,WORM_LARGE,0.65,0.75
"com.carrotsearch.hppc.benchmarks.B006_HashSet_Contains_Random.contains","ss",1,5,1.166947,0.011177,"s/op",16,WORM_LARGE,0.7,0.75
"com.carrotsearch.hppc.benchmarks.B006_HashSet_Contains_Random.contains","ss",1,5,1.043687,0.007811,"s/op",16,WORM_LARGE,0.74,0.75
"com.carrotsearch.hppc.benchmarks.B006_HashSet_Contains_Random.contains","ss",1,5,1.167451,0.014972,"s/op",17,HPPC,0.45,0.75
"com.carrotsearch.hppc.benchmarks.B006_HashSet_Contains_Random.contains","ss",1,5,1.219756,0.010215,"s/op",17,HPPC,0.5,0.75
"com.carrotsearch.hppc.benchmarks.B006_HashSet_Contains_Random.contains","ss",1,5,1.271460,0.014110,"s/op",17,HPPC,0.55,0.75
"com.carrotsearch.hppc.benchmarks.B006_HashSet_Contains_Random.contains","ss",1,5,1.316706,0.010671,"s/op",17,HPPC,0.6,0.75
"com.carrotsearch.hppc.benchmarks.B006_HashSet_Contains_Random.contains","ss",1,5,1.330620,0.018855,"s/op",17,HPPC,0.65,0.75
"com.carrotsearch.hppc.benchmarks.B006_HashSet_Contains_Random.contains","ss",1,5,1.388756,0.021423,"s/op",17,HPPC,0.7,0.75
"com.carrotsearch.hppc.benchmarks.B006_HashSet_Contains_Random.contains","ss",1,5,1.430763,0.036391,"s/op",17,HPPC,0.74,0.75
"com.carrotsearch.hppc.benchmarks.B006_HashSet_Contains_Random.contains","ss",1,5,1.110572,0.011327,"s/op",17,HPPC_SCATTER,0.45,0.75
"com.carrotsearch.hppc.benchmarks.B006_HashSet_Contains_Random.contains","ss",1,5,1.160149,0.024441,"s/op",17,HPPC_SCATTER,0.5,0.75
"com.carrotsearch.hppc.benchmarks.B006_HashSet_Contains_Random.contains","ss",1,5,1.208710,0.011614,"s/op",17,HPPC_SCATTER,0.55,0.75
"com.carrotsearch.hppc.benchmarks.B006_HashSet_Contains_Random.contains","ss",1,5,1.268501,0.014470,"s/op",17,HPPC_SCATTER,0.6,0.75
"com.carrotsearch.hppc.benchmarks.B006_HashSet_Contains_Random.contains","ss",1,5,1.317301,0.011210,"s/op",17,HPPC_SCATTER,0.65,0.75
"com.carrotsearch.hppc.benchmarks.B006_HashSet_Contains_Random.contains","ss",1,5,1.577309,0.014264,"s/op",17,HPPC_SCATTER,0.7,0.75
"com.carrotsearch.hppc.benchmarks.B006_HashSet_Contains_Random.contains","ss",1,5,2.042244,0.008111,"s/op",17,HPPC_SCATTER,0.74,0.75
"com.carrotsearch.hppc.benchmarks.B006_HashSet_Contains_Random.contains","ss",1,5,1.048004,0.024910,"s/op",17,FASTUTIL,0.45,0.75
"com.carrotsearch.hppc.benchmarks.B006_HashSet_Contains_Random.contains","ss",1,5,1.152286,0.011504,"s/op",17,FASTUTIL,0.5,0.75
"com.carrotsearch.hppc.benchmarks.B006_HashSet_Contains_Random.contains","ss",1,5,1.230519,0.010640,"s/op",17,FASTUTIL,0.55,0.75
"com.carrotsearch.hppc.benchmarks.B006_HashSet_Contains_Random.contains","ss",1,5,1.300579,0.013684,"s/op",17,FASTUTIL,0.6,0.75
"com.carrotsearch.hppc.benchmarks.B006_HashSet_Contains_Random.contains","ss",1,5,1.364990,0.012925,"s/op",17,FASTUTIL,0.65,0.75
"com.carrotsearch.hppc.benchmarks.B006_HashSet_Contains_Random.contains","ss",1,5,1.543673,0.007822,"s/op",17,FASTUTIL,0.7,0.75
"com.carrotsearch.hppc.benchmarks.B006_HashSet_Contains_Random.contains","ss",1,5,1.876044,0.037356,"s/op",17,FASTUTIL,0.74,0.75
"com.carrotsearch.hppc.benchmarks.B006_HashSet_Contains_Random.contains","ss",1,5,1.074932,0.003572,"s/op",17,KOLOBOKE,0.45,0.75
"com.carrotsearch.hppc.benchmarks.B006_HashSet_Contains_Random.contains","ss",1,5,1.085098,0.021269,"s/op",17,KOLOBOKE,0.5,0.75
"com.carrotsearch.hppc.benchmarks.B006_HashSet_Contains_Random.contains","ss",1,5,1.176638,0.046931,"s/op",17,KOLOBOKE,0.55,0.75
"com.carrotsearch.hppc.benchmarks.B006_HashSet_Contains_Random.contains","ss",1,5,1.213749,0.048672,"s/op",17,KOLOBOKE,0.6,0.75
"com.carrotsearch.hppc.benchmarks.B006_HashSet_Contains_Random.contains","ss",1,5,1.216993,0.030117,"s/op",17,KOLOBOKE,0.65,0.75
"com.carrotsearch.hppc.benchmarks.B006_HashSet_Contains_Random.contains","ss",1,5,1.254037,0.051937,"s/op",17,KOLOBOKE,0.7,0.75
"com.carrotsearch.hppc.benchmarks.B006_HashSet_Contains_Random.contains","ss",1,5,1.280292,0.027337,"s/op",17,KOLOBOKE,0.74,0.75
"com.carrotsearch.hppc.benchmarks.B006_HashSet_Contains_Random.contains","ss",1,5,0.989821,0.009405,"s/op",17,WORM,0.45,0.75
"com.carrotsearch.hppc.benchmarks.B006_HashSet_Contains_Random.contains","ss",1,5,0.948845,0.006080,"s/op",17,WORM,0.5,0.75
"com.carrotsearch.hppc.benchmarks.B006_HashSet_Contains_Random.contains","ss",1,5,1.049045,0.016433,"s/op",17,WORM,0.55,0.75
"com.carrotsearch.hppc.benchmarks.B006_HashSet_Contains_Random.contains","ss",1,5,1.044490,0.094547,"s/op",17,WORM,0.6,0.75
"com.carrotsearch.hppc.benchmarks.B006_HashSet_Contains_Random.contains","ss",1,5,1.089901,0.013698,"s/op",17,WORM,0.65,0.75
"com.carrotsearch.hppc.benchmarks.B006_HashSet_Contains_Random.contains","ss",1,5,1.076824,0.014210,"s/op",17,WORM,0.7,0.75
"com.carrotsearch.hppc.benchmarks.B006_HashSet_Contains_Random.contains","ss",1,5,1.092745,0.008039,"s/op",17,WORM,0.74,0.75
"com.carrotsearch.hppc.benchmarks.B006_HashSet_Contains_Random.contains","ss",1,5,1.080006,0.021393,"s/op",17,WORM_LARGE,0.45,0.75
"com.carrotsearch.hppc.benchmarks.B006_HashSet_Contains_Random.contains","ss",1,5,1.105719,0.033973,"s/op",17,WORM_LARGE,0.5,0.75
"com.carrotsearch.hppc.benchmarks.B006_HashSet_Contains_Random.contains","ss",1,5,1.136887,0.020884,"s/op",17,WORM_LARGE,0.55,0.75
"com.carrotsearch.hppc.benchmarks.B006_HashSet_Contains_Random.contains","ss",1,5,1.160085,0.020742,"s/op",17,WORM_LARGE,0.6,0.75
"com.carrotsearch.hppc.benchmarks.B006_HashSet_Contains_Random.contains","ss",1,5,1.186431,0.028715,"s/op",17,WORM_LARGE,0.65,0.75
"com.carrotsearch.hppc.benchmarks.B006_HashSet_Contains_Random.contains","ss",1,5,1.214934,0.028912,"s/op",17,WORM_LARGE,0.7,0.75
"com.carrotsearch.hppc.benchmarks.B006_HashSet_Contains_Random.contains","ss",1,5,1.074980,0.016539,"s/op",17,WORM_LARGE,0.74,0.75
"com.carrotsearch.hppc.benchmarks.B006_HashSet_Contains_Random.contains","ss",1,5,1.208284,0.014562,"s/op",18,HPPC,0.45,0.75
"com.carrotsearch.hppc.benchmarks.B006_HashSet_Contains_Random.contains","ss",1,5,1.252937,0.019100,"s/op",18,HPPC,0.5,0.75
"com.carrotsearch.hppc.benchmarks.B006_HashSet_Contains_Random.contains","ss",1,5,1.326961,0.028709,"s/op",18,HPPC,0.55,0.75
"com.carrotsearch.hppc.benchmarks.B006_HashSet_Contains_Random.contains","ss",1,5,1.359770,0.009057,"s/op",18,HPPC,0.6,0.75
"com.carrotsearch.hppc.benchmarks.B006_HashSet_Contains_Random.contains","ss",1,5,1.423045,0.056351,"s/op",18,HPPC,0.65,0.75
"com.carrotsearch.hppc.benchmarks.B006_HashSet_Contains_Random.contains","ss",1,5,1.428585,0.031653,"s/op",18,HPPC,0.7,0.75
"com.carrotsearch.hppc.benchmarks.B006_HashSet_Contains_Random.contains","ss",1,5,1.492118,0.032068,"s/op",18,HPPC,0.74,0.75
"com.carrotsearch.hppc.benchmarks.B006_HashSet_Contains_Random.contains","ss",1,5,1.130083,0.016399,"s/op",18,HPPC_SCATTER,0.45,0.75
"com.carrotsearch.hppc.benchmarks.B006_HashSet_Contains_Random.contains","ss",1,5,1.167144,0.013468,"s/op",18,HPPC_SCATTER,0.5,0.75
"com.carrotsearch.hppc.benchmarks.B006_HashSet_Contains_Random.contains","ss",1,5,1.218816,0.023880,"s/op",18,HPPC_SCATTER,0.55,0.75
"com.carrotsearch.hppc.benchmarks.B006_HashSet_Contains_Random.contains","ss",1,5,1.281545,0.016939,"s/op",18,HPPC_SCATTER,0.6,0.75
"com.carrotsearch.hppc.benchmarks.B006_HashSet_Contains_Random.contains","ss",1,5,1.339050,0.065787,"s/op",18,HPPC_SCATTER,0.65,0.75
"com.carrotsearch.hppc.benchmarks.B006_HashSet_Contains_Random.contains","ss",1,5,1.324310,0.014454,"s/op",18,HPPC_SCATTER,0.7,0.75
"com.carrotsearch.hppc.benchmarks.B006_HashSet_Contains_Random.contains","ss",1,5,1.417210,0.039871,"s/op",18,HPPC_SCATTER,0.74,0.75
"com.carrotsearch.hppc.benchmarks.B006_HashSet_Contains_Random.contains","ss",1,5,1.060487,0.021265,"s/op",18,FASTUTIL,0.45,0.75
"com.carrotsearch.hppc.benchmarks.B006_HashSet_Contains_Random.contains","ss",1,5,1.107015,0.007947,"s/op",18,FASTUTIL,0.5,0.75
"com.carrotsearch.hppc.benchmarks.B006_HashSet_Contains_Random.contains","ss",1,5,1.173094,0.021199,"s/op",18,FASTUTIL,0.55,0.75
"com.carrotsearch.hppc.benchmarks.B006_HashSet_Contains_Random.contains","ss",1,5,1.285474,0.016900,"s/op",18,FASTUTIL,0.6,0.75
"com.carrotsearch.hppc.benchmarks.B006_HashSet_Contains_Random.contains","ss",1,5,1.350051,0.060436,"s/op",18,FASTUTIL,0.65,0.75
"com.carrotsearch.hppc.benchmarks.B006_HashSet_Contains_Random.contains","ss",1,5,1.427503,0.078915,"s/op",18,FASTUTIL,0.7,0.75
"com.carrotsearch.hppc.benchmarks.B006_HashSet_Contains_Random.contains","ss",1,5,1.436138,0.040907,"s/op",18,FASTUTIL,0.74,0.75
"com.carrotsearch.hppc.benchmarks.B006_HashSet_Contains_Random.contains","ss",1,5,1.104271,0.017451,"s/op",18,KOLOBOKE,0.45,0.75
"com.carrotsearch.hppc.benchmarks.B006_HashSet_Contains_Random.contains","ss",1,5,1.148228,0.030986,"s/op",18,KOLOBOKE,0.5,0.75
"com.carrotsearch.hppc.benchmarks.B006_HashSet_Contains_Random.contains","ss",1,5,1.237192,0.018452,"s/op",18,KOLOBOKE,0.55,0.75
"com.carrotsearch.hppc.benchmarks.B006_HashSet_Contains_Random.contains","ss",1,5,1.275638,0.011661,"s/op",18,KOLOBOKE,0.6,0.75
"com.carrotsearch.hppc.benchmarks.B006_HashSet_Contains_Random.contains","ss",1,5,1.299369,0.022347,"s/op",18,KOLOBOKE,0.65,0.75
"com.carrotsearch.hppc.benchmarks.B006_HashSet_Contains_Random.contains","ss",1,5,1.295191,0.025408,"s/op",18,KOLOBOKE,0.7,0.75
"com.carrotsearch.hppc.benchmarks.B006_HashSet_Contains_Random.contains","ss",1,5,1.378321,0.017331,"s/op",18,KOLOBOKE,0.74,0.75
"com.carrotsearch.hppc.benchmarks.B006_HashSet_Contains_Random.contains","ss",1,5,0.956897,0.025019,"s/op",18,WORM,0.45,0.75
"com.carrotsearch.hppc.benchmarks.B006_HashSet_Contains_Random.contains","ss",1,5,1.057866,0.042008,"s/op",18,WORM,0.5,0.75
"com.carrotsearch.hppc.benchmarks.B006_HashSet_Contains_Random.contains","ss",1,5,1.013735,0.028479,"s/op",18,WORM,0.55,0.75
"com.carrotsearch.hppc.benchmarks.B006_HashSet_Contains_Random.contains","ss",1,5,1.048923,0.029862,"s/op",18,WORM,0.6,0.75
"com.carrotsearch.hppc.benchmarks.B006_HashSet_Contains_Random.contains","ss",1,5,1.105228,0.018855,"s/op",18,WORM,0.65,0.75
"com.carrotsearch.hppc.benchmarks.B006_HashSet_Contains_Random.contains","ss",1,5,1.072991,0.013138,"s/op",18,WORM,0.7,0.75
"com.carrotsearch.hppc.benchmarks.B006_HashSet_Contains_Random.contains","ss",1,5,1.119816,0.029562,"s/op",18,WORM,0.74,0.75
"com.carrotsearch.hppc.benchmarks.B006_HashSet_Contains_Random.contains","ss",1,5,1.108971,0.015937,"s/op",18,WORM_LARGE,0.45,0.75
"com.carrotsearch.hppc.benchmarks.B006_HashSet_Contains_Random.contains","ss",1,5,1.151121,0.031479,"s/op",18,WORM_LARGE,0.5,0.75
"com.carrotsearch.hppc.benchmarks.B006_HashSet_Contains_Random.contains","ss",1,5,1.179165,0.041279,"s/op",18,WORM_LARGE,0.55,0.75
"com.carrotsearch.hppc.benchmarks.B006_HashSet_Contains_Random.contains","ss",1,5,1.199627,0.017056,"s/op",18,WORM_LARGE,0.6,0.75
"com.carrotsearch.hppc.benchmarks.B006_HashSet_Contains_Random.contains","ss",1,5,1.257815,0.032566,"s/op",18,WORM_LARGE,0.65,0.75
"com.carrotsearch.hppc.benchmarks.B006_HashSet_Contains_Random.contains","ss",1,5,1.246432,0.017542,"s/op",18,WORM_LARGE,0.7,0.75
"com.carrotsearch.hppc.benchmarks.B006_HashSet_Contains_Random.contains","ss",1,5,1.100592,0.028202,"s/op",18,WORM_LARGE,0.74,0.75
"com.carrotsearch.hppc.benchmarks.B006_HashSet_Contains_Random.contains","ss",1,5,1.234108,0.027352,"s/op",19,HPPC,0.45,0.75
"com.carrotsearch.hppc.benchmarks.B006_HashSet_Contains_Random.contains","ss",1,5,1.287259,0.013066,"s/op",19,HPPC,0.5,0.75
"com.carrotsearch.hppc.benchmarks.B006_HashSet_Contains_Random.contains","ss",1,5,1.358747,0.034047,"s/op",19,HPPC,0.55,0.75
"com.carrotsearch.hppc.benchmarks.B006_HashSet_Contains_Random.contains","ss",1,5,1.407853,0.016624,"s/op",19,HPPC,0.6,0.75
"com.carrotsearch.hppc.benchmarks.B006_HashSet_Contains_Random.contains","ss",1,5,1.416798,0.010219,"s/op",19,HPPC,0.65,0.75
"com.carrotsearch.hppc.benchmarks.B006_HashSet_Contains_Random.contains","ss",1,5,1.517114,0.079697,"s/op",19,HPPC,0.7,0.75
"com.carrotsearch.hppc.benchmarks.B006_HashSet_Contains_Random.contains","ss",1,5,1.577770,0.054002,"s/op",19,HPPC,0.74,0.75
"com.carrotsearch.hppc.benchmarks.B006_HashSet_Contains_Random.contains","ss",1,5,1.155941,0.010576,"s/op",19,HPPC_SCATTER,0.45,0.75
"com.carrotsearch.hppc.benchmarks.B006_HashSet_Contains_Random.contains","ss",1,5,1.232967,0.013837,"s/op",19,HPPC_SCATTER,0.5,0.75
"com.carrotsearch.hppc.benchmarks.B006_HashSet_Contains_Random.contains","ss",1,5,1.256097,0.022340,"s/op",19,HPPC_SCATTER,0.55,0.75
"com.carrotsearch.hppc.benchmarks.B006_HashSet_Contains_Random.contains","ss",1,5,1.308672,0.027976,"s/op",19,HPPC_SCATTER,0.6,0.75
"com.carrotsearch.hppc.benchmarks.B006_HashSet_Contains_Random.contains","ss",1,5,1.362209,0.050532,"s/op",19,HPPC_SCATTER,0.65,0.75
"com.carrotsearch.hppc.benchmarks.B006_HashSet_Contains_Random.contains","ss",1,5,1.413661,0.046189,"s/op",19,HPPC_SCATTER,0.7,0.75
"com.carrotsearch.hppc.benchmarks.B006_HashSet_Contains_Random.contains","ss",1,5,1.458582,0.021981,"s/op",19,HPPC_SCATTER,0.74,0.75
"com.carrotsearch.hppc.benchmarks.B006_HashSet_Contains_Random.contains","ss",1,5,1.081557,0.018769,"s/op",19,FASTUTIL,0.45,0.75
"com.carrotsearch.hppc.benchmarks.B006_HashSet_Contains_Random.contains","ss",1,5,1.180577,0.043749,"s/op",19,FASTUTIL,0.5,0.75
"com.carrotsearch.hppc.benchmarks.B006_HashSet_Contains_Random.contains","ss",1,5,1.198306,0.019161,"s/op",19,FASTUTIL,0.55,0.75
"com.carrotsearch.hppc.benchmarks.B006_HashSet_Contains_Random.contains","ss",1,5,1.256250,0.018417,"s/op",19,FASTUTIL,0.6,0.75
"com.carrotsearch.hppc.benchmarks.B006_HashSet_Contains_Random.contains","ss",1,5,1.313988,0.026975,"s/op",19,FASTUTIL,0.65,0.75
"com.carrotsearch.hppc.benchmarks.B006_HashSet_Contains_Random.contains","ss",1,5,1.446261,0.023599,"s/op",19,FASTUTIL,0.7,0.75
"com.carrotsearch.hppc.benchmarks.B006_HashSet_Contains_Random.contains","ss",1,5,1.371047,0.036253,"s/op",19,FASTUTIL,0.74,0.75
"com.carrotsearch.hppc.benchmarks.B006_HashSet_Contains_Random.contains","ss",1,5,1.134845,0.013376,"s/op",19,KOLOBOKE,0.45,0.75
"com.carrotsearch.hppc.benchmarks.B006_HashSet_Contains_Random.contains","ss",1,5,1.154848,0.024547,"s/op",19,KOLOBOKE,0.5,0.75
"com.carrotsearch.hppc.benchmarks.B006_HashSet_Contains_Random.contains","ss",1,5,1.228273,0.035416,"s/op",19,KOLOBOKE,0.55,0.75
"com.carrotsearch.hppc.benchmarks.B006_HashSet_Contains_Random.contains","ss",1,5,1.294253,0.021611,"s/op",19,KOLOBOKE,0.6,0.75
"com.carrotsearch.hppc.benchmarks.B006_HashSet_Contains_Random.contains","ss",1,5,1.307695,0.032168,"s/op",19,KOLOBOKE,0.65,0.75
"com.carrotsearch.hppc.benchmarks.B006_HashSet_Contains_Random.contains","ss",1,5,1.372878,0.027237,"s/op",19,KOLOBOKE,0.7,0.75
"com.carrotsearch.hppc.benchmarks.B006_HashSet_Contains_Random.contains","ss",1,5,1.445924,0.048101,"s/op",19,KOLOBOKE,0.74,0.75
"com.carrotsearch.hppc.benchmarks.B006_HashSet_Contains_Random.contains","ss",1,5,0.964201,0.013678,"s/op",19,WORM,0.45,0.75
"com.carrotsearch.hppc.benchmarks.B006_HashSet_Contains_Random.contains","ss",1,5,0.994335,0.027512,"s/op",19,WORM,0.5,0.75
"com.carrotsearch.hppc.benchmarks.B006_HashSet_Contains_Random.contains","ss",1,5,1.027287,0.068294,"s/op",19,WORM,0.55,0.75
"com.carrotsearch.hppc.benchmarks.B006_HashSet_Contains_Random.contains","ss",1,5,1.038802,0.022250,"s/op",19,WORM,0.6,0.75
"com.carrotsearch.hppc.benchmarks.B006_HashSet_Contains_Random.contains","ss",1,5,1.066922,0.019633,"s/op",19,WORM,0.65,0.75
"com.carrotsearch.hppc.benchmarks.B006_HashSet_Contains_Random.contains","ss",1,5,1.088728,0.017902,"s/op",19,WORM,0.7,0.75
"com.carrotsearch.hppc.benchmarks.B006_HashSet_Contains_Random.contains","ss",1,5,1.114192,0.022633,"s/op",19,WORM,0.74,0.75
"com.carrotsearch.hppc.benchmarks.B006_HashSet_Contains_Random.contains","ss",1,5,1.113522,0.037733,"s/op",19,WORM_LARGE,0.45,0.75
"com.carrotsearch.hppc.benchmarks.B006_HashSet_Contains_Random.contains","ss",1,5,1.146354,0.023509,"s/op",19,WORM_LARGE,0.5,0.75
"com.carrotsearch.hppc.benchmarks.B006_HashSet_Contains_Random.contains","ss",1,5,1.198272,0.018982,"s/op",19,WORM_LARGE,0.55,0.75
"com.carrotsearch.hppc.benchmarks.B006_HashSet_Contains_Random.contains","ss",1,5,1.204306,0.015184,"s/op",19,WORM_LARGE,0.6,0.75
"com.carrotsearch.hppc.benchmarks.B006_HashSet_Contains_Random.contains","ss",1,5,1.230341,0.011005,"s/op",19,WORM_LARGE,0.65,0.75
"com.carrotsearch.hppc.benchmarks.B006_HashSet_Contains_Random.contains","ss",1,5,1.273109,0.021251,"s/op",19,WORM_LARGE,0.7,0.75
"com.carrotsearch.hppc.benchmarks.B006_HashSet_Contains_Random.contains","ss",1,5,1.138400,0.035434,"s/op",19,WORM_LARGE,0.74,0.75
"com.carrotsearch.hppc.benchmarks.B006_HashSet_Contains_Random.contains","ss",1,5,1.262754,0.036990,"s/op",20,HPPC,0.45,0.75
"com.carrotsearch.hppc.benchmarks.B006_HashSet_Contains_Random.contains","ss",1,5,1.349833,0.044823,"s/op",20,HPPC,0.5,0.75
"com.carrotsearch.hppc.benchmarks.B006_HashSet_Contains_Random.contains","ss",1,5,1.365575,0.039863,"s/op",20,HPPC,0.55,0.75
"com.carrotsearch.hppc.benchmarks.B006_HashSet_Contains_Random.contains","ss",1,5,1.422438,0.029818,"s/op",20,HPPC,0.6,0.75
"com.carrotsearch.hppc.benchmarks.B006_HashSet_Contains_Random.contains","ss",1,5,1.483573,0.054364,"s/op",20,HPPC,0.65,0.75
"com.carrotsearch.hppc.benchmarks.B006_HashSet_Contains_Random.contains","ss",1,5,1.543039,0.026002,"s/op",20,HPPC,0.7,0.75
"com.carrotsearch.hppc.benchmarks.B006_HashSet_Contains_Random.contains","ss",1,5,1.605838,0.022770,"s/op",20,HPPC,0.74,0.75
"com.carrotsearch.hppc.benchmarks.B006_HashSet_Contains_Random.contains","ss",1,5,1.141387,0.035770,"s/op",20,HPPC_SCATTER,0.45,0.75
"com.carrotsearch.hppc.benchmarks.B006_HashSet_Contains_Random.contains","ss",1,5,1.107860,0.066073,"s/op",20,HPPC_SCATTER,0.5,0.75
"com.carrotsearch.hppc.benchmarks.B006_HashSet_Contains_Random.contains","ss",1,5,1.257771,0.019162,"s/op",20,HPPC_SCATTER,0.55,0.75
"com.carrotsearch.hppc.benchmarks.B006_HashSet_Contains_Random.contains","ss",1,5,1.309136,0.042542,"s/op",20,HPPC_SCATTER,0.6,0.75
"com.carrotsearch.hppc.benchmarks.B006_HashSet_Contains_Random.contains","ss",1,5,1.353862,0.019369,"s/op",20,HPPC_SCATTER,0.65,0.75
"com.carrotsearch.hppc.benchmarks.B006_HashSet_Contains_Random.contains","ss",1,5,1.420673,0.024862,"s/op",20,HPPC_SCATTER,0.7,0.75
"com.carrotsearch.hppc.benchmarks.B006_HashSet_Contains_Random.contains","ss",1,5,1.468935,0.034963,"s/op",20,HPPC_SCATTER,0.74,0.75
"com.carrotsearch.hppc.benchmarks.B006_HashSet_Contains_Random.contains","ss",1,5,1.081729,0.046919,"s/op",20,FASTUTIL,0.45,0.75
"com.carrotsearch.hppc.benchmarks.B006_HashSet_Contains_Random.contains","ss",1,5,1.144583,0.026968,"s/op",20,FASTUTIL,0.5,0.75
"com.carrotsearch.hppc.benchmarks.B006_HashSet_Contains_Random.contains","ss",1,5,1.171910,0.016372,"s/op",20,FASTUTIL,0.55,0.75
"com.carrotsearch.hppc.benchmarks.B006_HashSet_Contains_Random.contains","ss",1,5,1.206748,0.016334,"s/op",20,FASTUTIL,0.6,0.75
"com.carrotsearch.hppc.benchmarks.B006_HashSet_Contains_Random.contains","ss",1,5,1.286333,0.053202,"s/op",20,FASTUTIL,0.65,0.75
"com.carrotsearch.hppc.benchmarks.B006_HashSet_Contains_Random.contains","ss",1,5,1.467886,0.034260,"s/op",20,FASTUTIL,0.7,0.75
"com.carrotsearch.hppc.benchmarks.B006_HashSet_Contains_Random.contains","ss",1,5,1.428745,0.016799,"s/op",20,FASTUTIL,0.74,0.75
"com.carrotsearch.hppc.benchmarks.B006_HashSet_Contains_Random.contains","ss",1,5,1.134450,0.073689,"s/op",20,KOLOBOKE,0.45,0.75
"com.carrotsearch.hppc.benchmarks.B006_HashSet_Contains_Random.contains","ss",1,5,1.183006,0.020260,"s/op",20,KOLOBOKE,0.5,0.75
"com.carrotsearch.hppc.benchmarks.B006_HashSet_Contains_Random.contains","ss",1,5,1.243549,0.049550,"s/op",20,KOLOBOKE,0.55,0.75
"com.carrotsearch.hppc.benchmarks.B006_HashSet_Contains_Random.contains","ss",1,5,1.297523,0.018314,"s/op",20,KOLOBOKE,0.6,0.75
"com.carrotsearch.hppc.benchmarks.B006_HashSet_Contains_Random.contains","ss",1,5,1.315365,0.021799,"s/op",20,KOLOBOKE,0.65,0.75
"com.carrotsearch.hppc.benchmarks.B006_HashSet_Contains_Random.contains","ss",1,5,1.400518,0.029743,"s/op",20,KOLOBOKE,0.7,0.75
"com.carrotsearch.hppc.benchmarks.B006_HashSet_Contains_Random.contains","ss",1,5,1.447170,0.024288,"s/op",20,KOLOBOKE,0.74,0.75
"com.carrotsearch.hppc.benchmarks.B006_HashSet_Contains_Random.contains","ss",1,5,1.010583,0.012664,"s/op",20,WORM,0.45,0.75
"com.carrotsearch.hppc.benchmarks.B006_HashSet_Contains_Random.contains","ss",1,5,1.067311,0.042201,"s/op",20,WORM,0.5,0.75
"com.carrotsearch.hppc.benchmarks.B006_HashSet_Contains_Random.contains","ss",1,5,1.056917,0.082600,"s/op",20,WORM,0.55,0.75
"com.carrotsearch.hppc.benchmarks.B006_HashSet_Contains_Random.contains","ss",1,5,1.083128,0.034392,"s/op",20,WORM,0.6,0.75
"com.carrotsearch.hppc.benchmarks.B006_HashSet_Contains_Random.contains","ss",1,5,1.104316,0.061815,"s/op",20,WORM,0.65,0.75
"com.carrotsearch.hppc.benchmarks.B006_HashSet_Contains_Random.contains","ss",1,5,1.127352,0.058133,"s/op",20,WORM,0.7,0.75
"com.carrotsearch.hppc.benchmarks.B006_HashSet_Contains_Random.contains","ss",1,5,1.171421,0.032381,"s/op",20,WORM,0.74,0.75
"com.carrotsearch.hppc.benchmarks.B006_HashSet_Contains_Random.contains","ss",1,5,1.173605,0.050001,"s/op",20,WORM_LARGE,0.45,0.75
"com.carrotsearch.hppc.benchmarks.B006_HashSet_Contains_Random.contains","ss",1,5,1.222135,0.084508,"s/op",20,WORM_LARGE,0.5,0.75
"com.carrotsearch.hppc.benchmarks.B006_HashSet_Contains_Random.contains","ss",1,5,1.213966,0.065568,"s/op",20,WORM_LARGE,0.55,0.75
"com.carrotsearch.hppc.benchmarks.B006_HashSet_Contains_Random.contains","ss",1,5,1.350507,0.384146,"s/op",20,WORM_LARGE,0.6,0.75
"com.carrotsearch.hppc.benchmarks.B006_HashSet_Contains_Random.contains","ss",1,5,1.290510,0.065479,"s/op",20,WORM_LARGE,0.65,0.75
"com.carrotsearch.hppc.benchmarks.B006_HashSet_Contains_Random.contains","ss",1,5,1.327640,0.042392,"s/op",20,WORM_LARGE,0.7,0.75
"com.carrotsearch.hppc.benchmarks.B006_HashSet_Contains_Random.contains","ss",1,5,1.795549,0.056435,"s/op",20,WORM_LARGE,0.74,0.75
"com.carrotsearch.hppc.benchmarks.B006_HashSet_Contains_Random.contains","ss",1,5,1.469279,0.084203,"s/op",21,HPPC,0.45,0.75
"com.carrotsearch.hppc.benchmarks.B006_HashSet_Contains_Random.contains","ss",1,5,1.524722,0.042786,"s/op",21,HPPC,0.5,0.75
"com.carrotsearch.hppc.benchmarks.B006_HashSet_Contains_Random.contains","ss",1,5,1.625298,0.109495,"s/op",21,HPPC,0.55,0.75
"com.carrotsearch.hppc.benchmarks.B006_HashSet_Contains_Random.contains","ss",1,5,1.715456,0.102197,"s/op",21,HPPC,0.6,0.75
"com.carrotsearch.hppc.benchmarks.B006_HashSet_Contains_Random.contains","ss",1,5,1.795852,0.096740,"s/op",21,HPPC,0.65,0.75
"com.carrotsearch.hppc.benchmarks.B006_HashSet_Contains_Random.contains","ss",1,5,1.880551,0.068108,"s/op",21,HPPC,0.7,0.75
"com.carrotsearch.hppc.benchmarks.B006_HashSet_Contains_Random.contains","ss",1,5,1.980632,0.112405,"s/op",21,HPPC,0.74,0.75
"com.carrotsearch.hppc.benchmarks.B006_HashSet_Contains_Random.contains","ss",1,5,1.236073,0.021037,"s/op",21,HPPC_SCATTER,0.45,0.75
"com.carrotsearch.hppc.benchmarks.B006_HashSet_Contains_Random.contains","ss",1,5,1.316270,0.080274,"s/op",21,HPPC_SCATTER,0.5,0.75
"com.carrotsearch.hppc.benchmarks.B006_HashSet_Contains_Random.contains","ss",1,5,1.371102,0.103438,"s/op",21,HPPC_SCATTER,0.55,0.75
"com.carrotsearch.hppc.benchmarks.B006_HashSet_Contains_Random.contains","ss",1,5,1.552122,0.046891,"s/op",21,HPPC_SCATTER,0.6,0.75
"com.carrotsearch.hppc.benchmarks.B006_HashSet_Contains_Random.contains","ss",1,5,1.674263,0.275493,"s/op",21,HPPC_SCATTER,0.65,0.75
"com.carrotsearch.hppc.benchmarks.B006_HashSet_Contains_Random.contains","ss",1,5,2.135819,0.380484,"s/op",21,HPPC_SCATTER,0.7,0.75
"com.carrotsearch.hppc.benchmarks.B006_HashSet_Contains_Random.contains","ss",1,5,1.875330,0.154660,"s/op",21,HPPC_SCATTER,0.74,0.75
"com.carrotsearch.hppc.benchmarks.B006_HashSet_Contains_Random.contains","ss",1,5,1.422726,0.031551,"s/op",21,FASTUTIL,0.45,0.75
"com.carrotsearch.hppc.benchmarks.B006_HashSet_Contains_Random.contains","ss",1,5,1.496041,0.255626,"s/op",21,FASTUTIL,0.5,0.75
"com.carrotsearch.hppc.benchmarks.B006_HashSet_Contains_Random.contains","ss",1,5,1.450128,0.022934,"s/op",21,FASTUTIL,0.55,0.75
"com.carrotsearch.hppc.benchmarks.B006_HashSet_Contains_Random.contains","ss",1,5,1.636152,0.055556,"s/op",21,FASTUTIL,0.6,0.75
"com.carrotsearch.hppc.benchmarks.B006_HashSet_Contains_Random.contains","ss",1,5,1.752048,0.446800,"s/op",21,FASTUTIL,0.65,0.75
"com.carrotsearch.hppc.benchmarks.B006_HashSet_Contains_Random.contains","ss",1,5,2.182461,0.131033,"s/op",21,FASTUTIL,0.7,0.75
"com.carrotsearch.hppc.benchmarks.B006_HashSet_Contains_Random.contains","ss",1,5,1.983980,0.489164,"s/op",21,FASTUTIL,0.74,0.75
"com.carrotsearch.hppc.benchmarks.B006_HashSet_Contains_Random.contains","ss",1,5,1.701060,0.534877,"s/op",21,KOLOBOKE,0.45,0.75
"com.carrotsearch.hppc.benchmarks.B006_HashSet_Contains_Random.contains","ss",1,5,1.727127,0.795569,"s/op",21,KOLOBOKE,0.5,0.75
"com.carrotsearch.hppc.benchmarks.B006_HashSet_Contains_Random.contains","ss",1,5,1.900185,0.823923,"s/op",21,KOLOBOKE,0.55,0.75
"com.carrotsearch.hppc.benchmarks.B006_HashSet_Contains_Random.contains","ss",1,5,1.906881,0.731670,"s/op",21,KOLOBOKE,0.6,0.75
"com.carrotsearch.hppc.benchmarks.B006_HashSet_Contains_Random.contains","ss",1,5,1.990535,0.439984,"s/op",21,KOLOBOKE,0.65,0.75
"com.carrotsearch.hppc.benchmarks.B006_HashSet_Contains_Random.contains","ss",1,5,2.432097,0.871701,"s/op",21,KOLOBOKE,0.7,0.75
"com.carrotsearch.hppc.benchmarks.B006_HashSet_Contains_Random.contains","ss",1,5,2.407679,0.934210,"s/op",21,KOLOBOKE,0.74,0.75
"com.carrotsearch.hppc.benchmarks.B006_HashSet_Contains_Random.contains","ss",1,5,1.646880,0.409408,"s/op",21,WORM,0.45,0.75
"com.carrotsearch.hppc.benchmarks.B006_HashSet_Contains_Random.contains","ss",1,5,1.713330,0.812499,"s/op",21,WORM,0.5,0.75
"com.carrotsearch.hppc.benchmarks.B006_HashSet_Contains_Random.contains","ss",1,5,1.814419,0.500450,"s/op",21,WORM,0.55,0.75
"com.carrotsearch.hppc.benchmarks.B006_HashSet_Contains_Random.contains","ss",1,5,1.965262,0.344818,"s/op",21,WORM,0.6,0.75
"com.carrotsearch.hppc.benchmarks.B006_HashSet_Contains_Random.contains","ss",1,5,1.678438,0.471631,"s/op",21,WORM,0.65,0.75
"com.carrotsearch.hppc.benchmarks.B006_HashSet_Contains_Random.contains","ss",1,5,1.854960,0.659795,"s/op",21,WORM,0.7,0.75
"com.carrotsearch.hppc.benchmarks.B006_HashSet_Contains_Random.contains","ss",1,5,2.183403,0.681176,"s/op",21,WORM,0.74,0.75
"com.carrotsearch.hppc.benchmarks.B006_HashSet_Contains_Random.contains","ss",1,5,1.653011,0.083127,"s/op",21,WORM_LARGE,0.45,0.75
"com.carrotsearch.hppc.benchmarks.B006_HashSet_Contains_Random.contains","ss",1,5,2.147239,0.513010,"s/op",21,WORM_LARGE,0.5,0.75
"com.carrotsearch.hppc.benchmarks.B006_HashSet_Contains_Random.contains","ss",1,5,2.346322,0.594661,"s/op",21,WORM_LARGE,0.55,0.75
"com.carrotsearch.hppc.benchmarks.B006_HashSet_Contains_Random.contains","ss",1,5,2.352650,0.178819,"s/op",21,WORM_LARGE,0.6,0.75
"com.carrotsearch.hppc.benchmarks.B006_HashSet_Contains_Random.contains","ss",1,5,2.071191,0.153906,"s/op",21,WORM_LARGE,0.65,0.75
"com.carrotsearch.hppc.benchmarks.B006_HashSet_Contains_Random.contains","ss",1,5,2.068532,0.053334,"s/op",21,WORM_LARGE,0.7,0.75
"com.carrotsearch.hppc.benchmarks.B006_HashSet_Contains_Random.contains","ss",1,5,2.554842,0.048416,"s/op",21,WORM_LARGE,0.74,0.75
"com.carrotsearch.hppc.benchmarks.B006_HashSet_Contains_Random.contains","ss",1,5,2.646379,0.231966,"s/op",22,HPPC,0.45,0.75
"com.carrotsearch.hppc.benchmarks.B006_HashSet_Contains_Random.contains","ss",1,5,2.562259,0.486405,"s/op",22,HPPC,0.5,0.75
"com.carrotsearch.hppc.benchmarks.B006_HashSet_Contains_Random.contains","ss",1,5,2.992156,0.243523,"s/op",22,HPPC,0.55,0.75
"com.carrotsearch.hppc.benchmarks.B006_HashSet_Contains_Random.contains","ss",1,5,3.103593,0.400866,"s/op",22,HPPC,0.6,0.75
"com.carrotsearch.hppc.benchmarks.B006_HashSet_Contains_Random.contains","ss",1,5,3.357683,0.140700,"s/op",22,HPPC,0.65,0.75
"com.carrotsearch.hppc.benchmarks.B006_HashSet_Contains_Random.contains","ss",1,5,3.440158,0.280969,"s/op",22,HPPC,0.7,0.75
"com.carrotsearch.hppc.benchmarks.B006_HashSet_Contains_Random.contains","ss",1,5,3.465886,0.021090,"s/op",22,HPPC,0.74,0.75
"com.carrotsearch.hppc.benchmarks.B006_HashSet_Contains_Random.contains","ss",1,5,2.137754,0.022662,"s/op",22,HPPC_SCATTER,0.45,0.75
"com.carrotsearch.hppc.benchmarks.B006_HashSet_Contains_Random.contains","ss",1,5,2.109269,0.322062,"s/op",22,HPPC_SCATTER,0.5,0.75
"com.carrotsearch.hppc.benchmarks.B006_HashSet_Contains_Random.contains","ss",1,5,2.279379,0.051782,"s/op",22,HPPC_SCATTER,0.55,0.75
"com.carrotsearch.hppc.benchmarks.B006_HashSet_Contains_Random.contains","ss",1,5,2.388707,0.082630,"s/op",22,HPPC_SCATTER,0.6,0.75
"com.carrotsearch.hppc.benchmarks.B006_HashSet_Contains_Random.contains","ss",1,5,2.597652,0.018899,"s/op",22,HPPC_SCATTER,0.65,0.75
"com.carrotsearch.hppc.benchmarks.B006_HashSet_Contains_Random.contains","ss",1,5,2.745347,0.023334,"s/op",22,HPPC_SCATTER,0.7,0.75
"com.carrotsearch.hppc.benchmarks.B006_HashSet_Contains_Random.contains","ss",1,5,2.917486,0.057382,"s/op",22,HPPC_SCATTER,0.74,0.75
"com.carrotsearch.hppc.benchmarks.B006_HashSet_Contains_Random.contains","ss",1,5,1.918823,0.103967,"s/op",22,FASTUTIL,0.45,0.75
"com.carrotsearch.hppc.benchmarks.B006_HashSet_Contains_Random.contains","ss",1,5,2.148579,0.050462,"s/op",22,FASTUTIL,0.5,0.75
"com.carrotsearch.hppc.benchmarks.B006_HashSet_Contains_Random.contains","ss",1,5,2.447240,0.174705,"s/op",22,FASTUTIL,0.55,0.75
"com.carrotsearch.hppc.benchmarks.B006_HashSet_Contains_Random.contains","ss",1,5,2.428549,0.029549,"s/op",22,FASTUTIL,0.6,0.75
"com.carrotsearch.hppc.benchmarks.B006_HashSet_Contains_Random.contains","ss",1,5,2.703118,0.279137,"s/op",22,FASTUTIL,0.65,0.75
"com.carrotsearch.hppc.benchmarks.B006_HashSet_Contains_Random.contains","ss",1,5,2.828843,0.273242,"s/op",22,FASTUTIL,0.7,0.75
"com.carrotsearch.hppc.benchmarks.B006_HashSet_Contains_Random.contains","ss",1,5,3.028731,0.022102,"s/op",22,FASTUTIL,0.74,0.75
"com.carrotsearch.hppc.benchmarks.B006_HashSet_Contains_Random.contains","ss",1,5,1.916508,0.051192,"s/op",22,KOLOBOKE,0.45,0.75
"com.carrotsearch.hppc.benchmarks.B006_HashSet_Contains_Random.contains","ss",1,5,2.266582,0.015527,"s/op",22,KOLOBOKE,0.5,0.75
"com.carrotsearch.hppc.benchmarks.B006_HashSet_Contains_Random.contains","ss",1,5,2.462678,0.021440,"s/op",22,KOLOBOKE,0.55,0.75
"com.carrotsearch.hppc.benchmarks.B006_HashSet_Contains_Random.contains","ss",1,5,2.620356,0.093660,"s/op",22,KOLOBOKE,0.6,0.75
"com.carrotsearch.hppc.benchmarks.B006_HashSet_Contains_Random.contains","ss",1,5,2.846344,0.055035,"s/op",22,KOLOBOKE,0.65,0.75
"com.carrotsearch.hppc.benchmarks.B006_HashSet_Contains_Random.contains","ss",1,5,3.118478,0.058588,"s/op",22,KOLOBOKE,0.7,0.75
"com.carrotsearch.hppc.benchmarks.B006_HashSet_Contains_Random.contains","ss",1,5,3.286426,0.045317,"s/op",22,KOLOBOKE,0.74,0.75
"com.carrotsearch.hppc.benchmarks.B006_HashSet_Contains_Random.contains","ss",1,5,2.587299,0.015515,"s/op",22,WORM,0.45,0.75
"com.carrotsearch.hppc.benchmarks.B006_HashSet_Contains_Random.contains","ss",1,5,2.590196,0.020337,"s/op",22,WORM,0.5,0.75
"com.carrotsearch.hppc.benchmarks.B006_HashSet_Contains_Random.contains","ss",1,5,2.631202,0.081270,"s/op",22,WORM,0.55,0.75
"com.carrotsearch.hppc.benchmarks.B006_HashSet_Contains_Random.contains","ss",1,5,2.670731,0.037380,"s/op",22,WORM,0.6,0.75
"com.carrotsearch.hppc.benchmarks.B006_HashSet_Contains_Random.contains","ss",1,5,2.699282,0.061579,"s/op",22,WORM,0.65,0.75
"com.carrotsearch.hppc.benchmarks.B006_HashSet_Contains_Random.contains","ss",1,5,2.114703,0.732006,"s/op",22,WORM,0.7,0.75
"com.carrotsearch.hppc.benchmarks.B006_HashSet_Contains_Random.contains","ss",1,5,2.860270,0.093604,"s/op",22,WORM,0.74,0.75
"com.carrotsearch.hppc.benchmarks.B006_HashSet_Contains_Random.contains","ss",1,5,2.954800,0.022889,"s/op",22,WORM_LARGE,0.45,0.75
"com.carrotsearch.hppc.benchmarks.B006_HashSet_Contains_Random.contains","ss",1,5,2.628214,0.038802,"s/op",22,WORM_LARGE,0.5,0.75
"com.carrotsearch.hppc.benchmarks.B006_HashSet_Contains_Random.contains","ss",1,5,3.051828,0.031684,"s/op",22,WORM_LARGE,0.55,0.75
"com.carrotsearch.hppc.benchmarks.B006_HashSet_Contains_Random.contains","ss",1,5,3.107657,0.024294,"s/op",22,WORM_LARGE,0.6,0.75
"com.carrotsearch.hppc.benchmarks.B006_HashSet_Contains_Random.contains","ss",1,5,2.769216,0.060320,"s/op",22,WORM_LARGE,0.65,0.75
"com.carrotsearch.hppc.benchmarks.B006_HashSet_Contains_Random.contains","ss",1,5,2.809651,0.047241,"s/op",22,WORM_LARGE,0.7,0.75
"com.carrotsearch.hppc.benchmarks.B006_HashSet_Contains_Random.contains","ss",1,5,3.245752,0.060219,"s/op",22,WORM_LARGE,0.74,0.75
